UNITID,,,,,,
100654,,,,,,
100663,,,,,,
100706,,,,,,
100724,,,,,,
100751,,,,,,
100830,,,,,,
100858,,,,,,
100937,,,,,,
101189,,,,,,
101365,,,,,,
101435,,,,,,
101480,,,,,,
101587,,,,,,
101648,,,,,,
101693,,,,,,
101709,,,,,,
101879,,,,,,
101912,,,,,,
102049,,,,,,
102094,,,,,,
102234,,,,,,
102270,,,,,,
102368,,,,,,
102377,,,,,,
102395,,,,,,
102553,,,,,,
102614,,,,,,
102632,,,,,,
102669,,,,,,
104151,,,,,,
104179,,,,,,
104586,,,,,,
104717,,,,,,
105330,,,,,,
105589,,,,,,
105899,,,,,,
106245,,,,,,
106342,,,,,,
106397,,,,,,
106412,,,,,,
106458,,,,,,
106467,,,,,,
106546,,,,,,
106704,,,,,,
106713,,,,,,
107044,,,,,,
107071,,,,,,
107080,,,,,,
107141,,,,,,
107512,,,,,,
107558,,,,,,
107585,,,,,,
107877,,,,,,
107983,,,,,,
108852,,,,,,
109086,,,,,,
109651,,,,,,
109785,,,,,,
110097,,,,,,
110361,,,,,,
110370,,,,,,
110404,,,,,,
110413,,,,,,
110422,,,,,,
110468,,,,,,
110486,,,,,,
110495,,,,,,
110510,,,,,,
110529,,,,,,
110538,,,,,,
110547,,,,,,
110556,,,,,,
110565,,,,,,
110574,,,,,,
110583,,,,,,
110592,,,,,,
110608,,,,,,
110617,,,,,,
110635,,,,,,
110644,,,,,,
110653,,,,,,
110662,,,,,,
110671,,,,,,
110680,,,,,,
110705,,,,,,
110714,,,,,,
110918,,,,,,
111081,,,,,,
111188,,,,,,
111638,,,,,,
111948,,,,,,
111966,,,,,,
112075,,,,,,
112084,,,,,,
112260,,,,,,
112394,,,,,,
113582,,,,,,
113698,,,,,,
114354,,,,,,
114813,,,,,,
115409,,,,,,
115728,,,,,,
115755,,,,,,
117104,,,,,,
117140,,,,,,
117168,,,,,,
117283,,,,,,
117627,,,,,,
117751,,,,,,
117946,,,,,,
118198,,,,,,
118693,,,,,,
118888,,,,,,
119173,,,,,,
119270,,,,,,
119605,,,,,,
119775,,,,,,
120166,,,,,,
120254,,,,,,
120403,,,,,,
120537,,,,,,
120661,,,,,,
120768,,,,,,
120865,,,,,,
120883,,,,,,
121150,,,,,,
121257,,,,,,
121309,,,,,,
121345,,,,,,
121691,,,,,,
122409,,,,,,
122436,,,,,,
122506,,,,,,
122597,,,,,,
122612,,,,,,
122728,,,,,,
122755,,,,,,
122931,,,,,,
123165,,,,,,
123280,,,,,,
123457,,,,,,
123554,,,,,,
123572,,,,,,
123651,,,,,,
123679,,,,,,
123952,,,,,,
123961,,,,,,
124292,,,,,,
124706,,,,,,
124937,,,,,,
125727,,,,,,
125763,,,,,,
125897,,,,,,
126076,,,,,,
126182,,,,,,
126359,,,,,,
126562,,,,,,
126580,,,,,,
126614,,,,,,
126678,,,,,,
126687,,,,,,
126775,,,,,,
126784,,,,,,
126818,,,,,,
127060,,,,,,
127185,,,,,,
127556,,,,,,
127565,,,,,,
127653,,,,,,
127741,,,,,,
127918,,,,,,
127954,,,,,,
128106,,,,,,
128328,,,,,,
128391,,,,,,
128498,,,,,,
128586,,,,,,
128744,,,,,,
128771,,,,,,
128902,,,,,,
129020,,,,,,
129215,,,,,,
129242,,,,,,
129525,,,,,,
129774,,,,,,
129941,,,,,,
130110,,,,,,
130226,,,,,,
130253,,,,,,
130314,,,,,,
130493,,,,,,
130590,,,,,,
130624,,,,,,
130697,,,,,,
130776,,,,,,
130794,,,,,,
130934,,,,,,
130943,,,,,,
130989,,,,,,
131159,,,,,,
131283,,,,,,
131450,,,,,,
131469,,,,,,
131496,,,,,,
131520,,,,,,
131830,,,,,,
131876,,,,,,
132408,,,,,,
132471,,,,,,
132602,,,,,,
132657,,,,,,
132842,,,,,,
132879,,,,,,
132903,,,,,,
133492,,,,,,
133526,,,,,,
133553,,,,,,
133650,,,,,,
133669,,,,,,
133711,,,,,,
133809,,,,,,
133845,,,,,,
133854,,,,,,
133863,,,,,,
133872,,,,,,
133881,,,,,,
133951,,,,,,
133979,,,,,,
134079,,,,,,
134097,,,,,,
134130,,,,,,
134945,,,,,,
135081,,,,,,
135364,,,,,,
135726,,,,,,
136172,,,,,,
136215,,,,,,
136330,,,,,,
136774,,,,,,
136950,,,,,,
137032,,,,,,
137272,,,,,,
137351,,,,,,
137476,,,,,,
137546,,,,,,
137564,,,,,,
137847,,,,,,
137953,,,,,,
137962,,,,,,
138275,,,,,,
138293,,,,,,
138354,,,,,,
138558,,,,,,
138600,,,,,,
138761,,,,,,
138868,,,,,,
138947,,,,,,
139144,,,,,,
139199,,,,,,
139205,,,,,,
139250,,,,,,
139311,,,,,,
139366,,,,,,
139393,,,,,,
139630,,,,,,
139658,,,,,,
139719,,,,,,
139755,,,,,,
139764,,,,,,
139861,,,,,,
139931,,,,,,
139940,,,,,,
139959,,,,,,
139968,,,,,,
140234,,,,,,
140252,,,,,,
140340,,,,,,
140447,,,,,,
140553,,,,,,
140696,,,,,,
140720,,,,,,
140818,,,,,,
140872,,,,,,
140951,,,,,,
140988,,,,,,
141060,,,,,,
141167,,,,,,
141185,,,,,,
141237,,,,,,
141264,,,,,,
141325,,,,,,
141334,,,,,,
141361,,,,,,
141486,,,,,,
141565,,,,,,
141574,,,,,,
141644,,,,,,
141981,,,,,,
142090,,,,,,
142115,,,,,,
142285,,,,,,
142294,,,,,,
142328,,,,,,
142461,,,,,,
142522,,,,,,
142957,,,,,,
143048,,,,,,
143084,,,,,,
143118,,,,,,
143288,,,,,,
143358,,,,,,
143978,,,,,,
144005,,,,,,
144050,,,,,,
144281,,,,,,
144351,,,,,,
144740,,,,,,
144892,,,,,,
144962,,,,,,
144971,,,,,,
145239,,,,,,
145336,,,,,,
145354,,,,,,
145372,,,,,,
145497,,,,,,
145600,,,,,,
145619,,,,,,
145637,,,,,,
145646,,,,,,
145691,,,,,,
145725,,,,,,
145813,,,,,,
146339,,,,,,
146427,,,,,,
146481,,,,,,
146612,,,,,,
146676,,,,,,
146719,,,,,,
146755,,,,,,
147013,,,,,,
147129,,,,,,
147244,,,,,,
147341,,,,,,
147369,,,,,,
147536,,,,,,
147660,,,,,,
147679,,,,,,
147703,,,,,,
147767,,,,,,
147776,,,,,,
147828,,,,,,
148016,,,,,,
148131,,,,,,
148405,,,,,,
148487,,,,,,
148496,,,,,,
148584,,,,,,
148627,,,,,,
148654,,,,,,
148955,,,,,,
149028,,,,,,
149222,,,,,,
149231,,,,,,
149310,,,,,,
149329,,,,,,
149505,,,,,,
149514,,,,,,
149639,,,,,,
149772,,,,,,
149781,,,,,,
150066,,,,,,
150136,,,,,,
150145,,,,,,
150163,,,,,,
150400,,,,,,
150455,,,,,,
150534,,,,,,
150604,,,,,,
150668,,,,,,
150677,,,,,,
150756,,,,,,
150774,,,,,,
150941,,,,,,
151102,,,,,,
151111,,,,,,
151263,,,,,,
151290,,,,,,
151306,,,,,,
151324,,,,,,
151333,,,,,,
151342,,,,,,
151351,,,,,,
151360,,,,,,
151379,,,,,,
151388,,,,,,
151467,,,,,,
151777,,,,,,
151786,,,,,,
151801,,,,,,
152080,,,,,,
152099,,,,,,
152318,,,,,,
152336,,,,,,
152381,,,,,,
152390,,,,,,
152497,,,,,,
152530,,,,,,
152567,,,,,,
152600,,,,,,
152673,,,,,,
152798,,,,,,
153001,,,,,,
153108,,,,,,
153126,,,,,,
153144,,,,,,
153162,,,,,,
153241,,,,,,
153250,,,,,,
153269,,,,,,
153278,,,,,,
153302,,,,,,
153320,,,,,,
153366,,,,,,
153375,,,,,,
153384,,,,,,
153603,,,,,,
153621,,,,,,
153658,,,,,,
153825,,,,,,
153834,,,,,,
153861,,,,,,
153977,,,,,,
154004,,,,,,
154013,,,,,,
154095,,,,,,
154101,,,,,,
154235,,,,,,
154262,,,,,,
154350,,,,,,
154493,,,,,,
154518,,,,,,
154527,,,,,,
154590,,,,,,
154688,,,,,,
154712,,,,,,
154721,,,,,,
154749,,,,,,
155025,,,,,,
155061,,,,,,
155070,,,,,,
155089,,,,,,
155140,,,,,,
155283,,,,,,
155317,,,,,,
155335,,,,,,
155399,,,,,,
155414,,,,,,
155423,,,,,,
155496,,,,,,
155511,,,,,,
155520,,,,,,
155627,,,,,,
155681,,,,,,
155812,,,,,,
155900,,,,,,
155937,,,,,,
155973,,,,,,
156125,,,,,,
156189,,,,,,
156213,,,,,,
156286,,,,,,
156295,,,,,,
156356,,,,,,
156408,,,,,,
156541,,,,,,
156620,,,,,,
156745,,,,,,
157030,,,,,,
157058,,,,,,
157076,,,,,,
157085,,,,,,
157100,,,,,,
157289,,,,,,
157377,,,,,,
157386,,,,,,
157401,,,,,,
157447,,,,,,
157748,,,,,,
157757,,,,,,
157809,,,,,,
157818,,,,,,
157863,,,,,,
157951,,,,,,
158477,,,,,,
158802,,,,,,
159009,,,,,,
159382,,,,,,
159391,,,,,,
159416,,,,,,
159568,,,,,,
159647,,,,,,
159656,,,,,,
159717,,,,,,
159939,,,,,,
159966,,,,,,
159993,,,,,,
160038,,,,,,
160065,,,,,,
160074,,,,,,
160612,,,,,,
160621,,,,,,
160630,,,,,,
160658,,,,,,
160755,,,,,,
160904,,,,,,
160959,,,,,,
160977,,,,,,
161004,,,,,,
161022,,,,,,
161086,,,,,,
161226,,,,,,
161235,,,,,,
161253,,,,,,
161299,,,,,,
161341,,,,,,
161457,,,,,,
161509,,,,,,
161518,,,,,,
161554,,,,,,
161572,,,,,,
161873,,,,,,
162007,,,,,,
162061,,,,,,
162210,,,,,,
162283,,,,,,
162584,,,,,,
162654,,,,,,
162760,,,,,,
162928,,,,,,
163046,,,,,,
163268,,,,,,
163286,,,,,,
163295,,,,,,
163338,,,,,,
163453,,,,,,
163462,,,,,,
163532,,,,,,
163578,,,,,,
163851,,,,,,
163912,,,,,,
163976,,,,,,
164076,,,,,,
164155,,,,,,
164173,,,,,,
164216,,,,,,
164270,,,,,,
164368,,,,,,
164447,,,,,,
164465,,,,,,
164492,,,,,,
164535,,,,,,
164562,,,,,,
164580,,,,,,
164614,,,,,,
164632,,,,,,
164641,,,,,,
164739,,,,,,
164748,,,,,,
164924,,,,,,
164988,,,,,,
165015,,,,,,
165024,,,,,,
165060,,,,,,
165264,,,,,,
165334,,,,,,
165529,,,,,,
165574,,,,,,
165608,,,,,,
165644,,,,,,
165662,,,,,,
165671,,,,,,
165699,,,,,,
165802,,,,,,
165820,,,,,,
165866,,,,,,
165936,,,,,,
166018,,,,,,
166027,,,,,,
166054,,,,,,
166124,,,,,,
166391,,,,,,
166452,,,,,,
166489,,,,,,
166513,,,,,,
166629,,,,,,
166638,,,,,,
166656,,,,,,
166674,,,,,,
166683,,,,,,
166692,,,,,,
166850,,,,,,
166939,,,,,,
167057,,,,,,
167260,,,,,,
167288,,,,,,
167358,,,,,,
167394,,,,,,
167598,,,,,,
167729,,,,,,
167783,,,,,,
167792,,,,,,
167835,,,,,,
167871,,,,,,
167899,,,,,,
167987,,,,,,
167996,,,,,,
168005,,,,,,
168148,,,,,,
168218,,,,,,
168227,,,,,,
168254,,,,,,
168263,,,,,,
168281,,,,,,
168342,,,,,,
168421,,,,,,
168430,,,,,,
168528,,,,,,
168546,,,,,,
168591,,,,,,
168740,,,,,,
168786,,,,,,
168847,,,,,,
169080,,,,,,
169248,,,,,,
169327,,,,,,
169363,,,,,,
169442,,,,,,
169479,,,,,,
169576,,,,,,
169655,,,,,,
169716,,,,,,
169798,,,,,,
169910,,,,,,
169983,,,,,,
170000,,,,,,
170037,,,,,,
170082,,,,,,
170286,,,,,,
170301,,,,,,
170532,,,,,,
170639,,,,,,
170675,,,,,,
170806,,,,,,
170967,,,,,,
170976,,,,,,
171100,,,,,,
171128,,,,,,
171137,,,,,,
171146,,,,,,
171456,,,,,,
171492,,,,,,
171571,,,,,,
171599,,,,,,
171881,,,,,,
172033,,,,,,
172051,,,,,,
172264,,,,,,
172334,,,,,,
172440,,,,,,
172644,,,,,,
172699,,,,,,
173045,,,,,,
173124,,,,,,
173142,,,,,,
173160,,,,,,
173258,,,,,,
173300,,,,,,
173328,,,,,,
173452,,,,,,
173647,,,,,,
173665,,,,,,
173902,,,,,,
173920,,,,,,
173957,,,,,,
174020,,,,,,
174066,,,,,,
174075,,,,,,
174127,,,,,,
174154,,,,,,
174233,,,,,,
174251,,,,,,
174358,,,,,,
174437,,,,,,
174491,,,,,,
174747,,,,,,
174783,,,,,,
174792,,,,,,
174817,,,,,,
174844,,,,,,
174862,,,,,,
174899,,,,,,
174914,,,,,,
175005,,,,,,
175078,,,,,,
175227,,,,,,
175272,,,,,,
175342,,,,,,
175421,,,,,,
175430,,,,,,
175616,,,,,,
175856,,,,,,
175980,,,,,,
176017,,,,,,
176035,,,,,,
176044,,,,,,
176053,,,,,,
176080,,,,,,
176318,,,,,,
176372,,,,,,
176406,,,,,,
176451,,,,,,
176479,,,,,,
176628,,,,,,
176770,,,,,,
176789,,,,,,
176947,,,,,,
176965,,,,,,
176983,,,,,,
177038,,,,,,
177083,,,,,,
177117,,,,,,
177144,,,,,,
177214,,,,,,
177339,,,,,,
177418,,,,,,
177542,,,,,,
177746,,,,,,
177931,,,,,,
177968,,,,,,
177986,,,,,,
178004,,,,,,
178059,,,,,,
178183,,,,,,
178208,,,,,,
178244,,,,,,
178341,,,,,,
178369,,,,,,
178396,,,,,,
178402,,,,,,
178411,,,,,,
178420,,,,,,
178615,,,,,,
178624,,,,,,
178679,,,,,,
178697,,,,,,
179043,,,,,,
179052,,,,,,
179159,,,,,,
179256,,,,,,
179265,,,,,,
179326,,,,,,
179548,,,,,,
179557,,,,,,
179566,,,,,,
179867,,,,,,
179894,,,,,,
179946,,,,,,
179955,,,,,,
179964,,,,,,
180106,,,,,,
180258,,,,,,
180416,,,,,,
180461,,,,,,
180489,,,,,,
180595,,,,,,
180692,,,,,,
180717,,,,,,
180832,,,,,,
180878,,,,,,
180984,,,,,,
181002,,,,,,
181020,,,,,,
181127,,,,,,
181215,,,,,,
181297,,,,,,
181330,,,,,,
181394,,,,,,
181446,,,,,,
181464,,,,,,
181543,,,,,,
181604,,,,,,
181738,,,,,,
181853,,,,,,
182281,,,,,,
182290,,,,,,
182458,,,,,,
182634,,,,,,
182670,,,,,,
182795,,,,,,
182917,,,,,,
182980,,,,,,
183026,,,,,,
183044,,,,,,
183062,,,,,,
183071,,,,,,
183080,,,,,,
183211,,,,,,
183239,,,,,,
183822,,,,,,
183910,,,,,,
183974,,,,,,
184348,,,,,,
184603,,,,,,
184612,,,,,,
184694,,,,,,
184773,,,,,,
184782,,,,,,
184968,,,,,,
185129,,,,,,
185174,,,,,,
185262,,,,,,
185572,,,,,,
185590,,,,,,
185679,,,,,,
185828,,,,,,
186131,,,,,,
186186,,,,,,
186201,,,,,,
186283,,,,,,
186371,,,,,,
186380,,,,,,
186399,,,,,,
186432,,,,,,
186584,,,,,,
186618,,,,,,
186867,,,,,,
186876,,,,,,
186900,,,,,,
187134,,,,,,
187444,,,,,,
187648,,,,,,
187745,,,,,,
187912,,,,,,
187967,,,,,,
187985,,,,,,
188030,,,,,,
188429,,,,,,
188526,,,,,,
188641,,,,,,
188669,,,,,,
188678,,,,,,
188696,,,,,,
188854,,,,,,
188915,,,,,,
188942,,,,,,
189088,,,,,,
189097,,,,,,
189273,,,,,,
189705,,,,,,
189848,,,,,,
189857,,,,,,
190008,,,,,,
190044,,,,,,
190099,,,,,,
190114,,,,,,
190150,,,,,,
190372,,,,,,
190415,,,,,,
190451,,,,,,
190503,,,,,,
190512,,,,,,
190549,,,,,,
190567,,,,,,
190594,,,,,,
190600,,,,,,
190637,,,,,,
190646,,,,,,
190655,,,,,,
190664,,,,,,
190691,,,,,,
190707,,,,,,
190716,,,,,,
190725,,,,,,
190752,,,,,,
190761,,,,,,
190956,,,,,,
190983,,,,,,
191126,,,,,,
191205,,,,,,
191241,,,,,,
191515,,,,,,
191533,,,,,,
191597,,,,,,
191621,,,,,,
191630,,,,,,
191649,,,,,,
191676,,,,,,
191931,,,,,,
191940,,,,,,
191968,,,,,,
192004,,,,,,
192040,,,,,,
192110,,,,,,
192192,,,,,,
192271,,,,,,
192323,,,,,,
192448,,,,,,
192509,,,,,,
192624,,,,,,
192703,,,,,,
192712,,,,,,
192749,,,,,,
192785,,,,,,
192800,,,,,,
192819,,,,,,
192864,,,,,,
192925,,,,,,
192961,,,,,,
193016,,,,,,
193052,,,,,,
193061,,,,,,
193070,,,,,,
193247,,,,,,
193292,,,,,,
193308,,,,,,
193353,,,,,,
193380,,,,,,
193399,,,,,,
193584,,,,,,
193609,,,,,,
193654,,,,,,
193900,,,,,,
193973,,,,,,
194091,,,,,,
194116,,,,,,
194161,,,,,,
194189,,,,,,
194310,,,,,,
194392,,,,,,
194499,,,,,,
194569,,,,,,
194578,,,,,,
194657,,,,,,
194693,,,,,,
194718,,,,,,
194736,,,,,,
194763,,,,,,
194824,,,,,,
194958,,,,,,
195003,,,,,,
195030,,,,,,
195128,,,,,,
195164,,,,,,
195173,,,,,,
195191,,,,,,
195216,,,,,,
195234,,,,,,
195243,,,,,,
195289,,,,,,
195304,,,,,,
195438,,,,,,
195474,,,,,,
195526,,,,,,
195544,,,,,,
195702,,,,,,
195720,,,,,,
195809,,,,,,
196006,,,,,,
196015,,,,,,
196024,,,,,,
196033,,,,,,
196042,,,,,,
196051,,,,,,
196060,,,,,,
196079,,,,,,
196088,,,,,,
196097,,,,,,
196103,,,,,,
196112,,,,,,
196121,,,,,,
196130,,,,,,
196149,,,,,,
196158,,,,,,
196167,,,,,,
196176,,,,,,
196185,,,,,,
196194,,,,,,
196200,,,,,,
196219,,,,,,
196237,,,,,,
196246,,,,,,
196291,,,,,,
196413,,,,,,
196431,,,,,,
196440,,,,,,
196583,,,,,,
196592,,,,,,
196653,,,,,,
196866,,,,,,
197027,,,,,,
197036,,,,,,
197045,,,,,,
197133,,,,,,
197142,,,,,,
197151,,,,,,
197197,,,,,,
197221,,,,,,
197230,,,,,,
197285,,,,,,
197647,,,,,,
197692,,,,,,
197708,,,,,,
197735,,,,,,
197744,,,,,,
197869,,,,,,
197911,,,,,,
197984,,,,,,
197993,,,,,,
198066,,,,,,
198109,,,,,,
198136,,,,,,
198215,,,,,,
198303,,,,,,
198385,,,,,,
198419,,,,,,
198464,,,,,,
198507,,,,,,
198516,,,,,,
198543,,,,,,
198561,,,,,,
198598,,,,,,
198613,,,,,,
198695,,,,,,
198756,,,,,,
198808,,,,,,
198835,,,,,,
198862,,,,,,
198871,,,,,,
198899,,,,,,
198950,,,,,,
198969,,,,,,
199032,,,,,,
199069,,,,,,
199102,,,,,,
199111,,,,,,
199120,,,,,,
199139,,,,,,
199148,,,,,,
199157,,,,,,
199184,,,,,,
199193,,,,,,
199209,,,,,,
199218,,,,,,
199272,,,,,,
199281,,,,,,
199306,,,,,,
199412,,,,,,
199458,,,,,,
199582,,,,,,
199607,,,,,,
199643,,,,,,
199698,,,,,,
199759,,,,,,
199847,,,,,,
199865,,,,,,
199962,,,,,,
199999,,,,,,
200004,,,,,,
200059,,,,,,
200156,,,,,,
200217,,,,,,
200226,,,,,,
200253,,,,,,
200280,,,,,,
200332,,,,,,
200484,,,,,,
200572,,,,,,
200785,,,,,,
200800,,,,,,
200846,,,,,,
201061,,,,,,
201104,,,,,,
201177,,,,,,
201195,,,,,,
201371,,,,,,
201441,,,,,,
201539,,,,,,
201548,,,,,,
201645,,,,,,
201654,,,,,,
201690,,,,,,
201821,,,,,,
201885,,,,,,
202046,,,,,,
202073,,,,,,
202134,,,,,,
202170,,,,,,
202480,,,,,,
202514,,,,,,
202523,,,,,,
202763,,,,,,
202903,,,,,,
202912,,,,,,
202985,,,,,,
203030,,,,,,
203085,,,,,,
203128,,,,,,
203368,,,,,,
203386,,,,,,
203517,,,,,,
203535,,,,,,
203544,,,,,,
203580,,,,,,
203757,,,,,,
203775,,,,,,
203845,,,,,,
203960,,,,,,
204024,,,,,,
204176,,,,,,
204185,,,,,,
204194,,,,,,
204200,,,,,,
204264,,,,,,
204468,,,,,,
204501,,,,,,
204617,,,,,,
204635,,,,,,
204796,,,,,,
204857,,,,,,
204893,,,,,,
204909,,,,,,
204936,,,,,,
205027,,,,,,
205054,,,,,,
205124,,,,,,
205391,,,,,,
205957,,,,,,
206048,,,,,,
206084,,,,,,
206349,,,,,,
206394,,,,,,
206437,,,,,,
206491,,,,,,
206507,,,,,,
206525,,,,,,
206589,,,,,,
206604,,,,,,
206613,,,,,,
206622,,,,,,
206695,,,,,,
206817,,,,,,
206835,,,,,,
206941,,,,,,
207041,,,,,,
207157,,,,,,
207263,,,,,,
207306,,,,,,
207324,,,,,,
207388,,,,,,
207403,,,,,,
207458,,,,,,
207500,,,,,,
207582,,,,,,
207722,,,,,,
207847,,,,,,
207865,,,,,,
207971,,,,,,
208479,,,,,,
208512,,,,,,
208646,,,,,,
208725,,,,,,
208822,,,,,,
209056,,,,,,
209065,,,,,,
209241,,,,,,
209287,,,,,,
209409,,,,,,
209506,,,,,,
209542,,,,,,
209551,,,,,,
209603,,,,,,
209612,,,,,,
209807,,,,,,
209825,,,,,,
209922,,,,,,
210146,,,,,,
210304,,,,,,
210331,,,,,,
210401,,,,,,
210429,,,,,,
210492,,,,,,
210571,,,,,,
210669,,,,,,
210739,,,,,,
210775,,,,,,
211024,,,,,,
211088,,,,,,
211130,,,,,,
211158,,,,,,
211273,,,,,,
211291,,,,,,
211352,,,,,,
211361,,,,,,
211431,,,,,,
211440,,,,,,
211468,,,,,,
211477,,,,,,
211556,,,,,,
211583,,,,,,
211635,,,,,,
211644,,,,,,
211802,,,,,,
211893,,,,,,
211981,,,,,,
212009,,,,,,
212054,,,,,,
212106,,,,,,
212115,,,,,,
212133,,,,,,
212160,,,,,,
212197,,,,,,
212577,,,,,,
212601,,,,,,
212656,,,,,,
212674,,,,,,
212805,,,,,,
212832,,,,,,
212911,,,,,,
212984,,,,,,
212993,,,,,,
213011,,,,,,
213020,,,,,,
213163,,,,,,
213233,,,,,,
213251,,,,,,
213303,,,,,,
213321,,,,,,
213349,,,,,,
213358,,,,,,
213367,,,,,,
213385,,,,,,
213400,,,,,,
213507,,,,,,
213543,,,,,,
213598,,,,,,
213613,,,,,,
213622,,,,,,
213668,,,,,,
213774,,,,,,
213783,,,,,,
213826,,,,,,
213987,,,,,,
213996,,,,,,
214023,,,,,,
214041,,,,,,
214069,,,,,,
214148,,,,,,
214157,,,,,,
214166,,,,,,
214175,,,,,,
214272,,,,,,
214476,,,,,,
214528,,,,,,
214892,,,,,,
214971,,,,,,
215053,,,,,,
215062,,,,,,
215105,,,,,,
215114,,,,,,
215132,,,,,,
215266,,,,,,
215275,,,,,,
215284,,,,,,
215293,,,,,,
215309,,,,,,
215442,,,,,,
215594,,,,,,
215637,,,,,,
215655,,,,,,
215682,,,,,,
215691,,,,,,
215743,,,,,,
215770,,,,,,
215798,,,,,,
215929,,,,,,
215947,,,,,,
215974,,,,,,
215992,,,,,,
216010,,,,,,
216038,,,,,,
216047,,,,,,
216083,,,,,,
216278,,,,,,
216287,,,,,,
216296,,,,,,
216311,,,,,,
216339,,,,,,
216357,,,,,,
216366,,,,,,
216524,,,,,,
216542,,,,,,
216597,,,,,,
216667,,,,,,
216694,,,,,,
216764,,,,,,
216773,,,,,,
216807,,,,,,
216852,,,,,,
216931,,,,,,
216940,,,,,,
217013,,,,,,
217040,,,,,,
217059,,,,,,
217156,,,,,,
217165,,,,,,
217235,,,,,,
217305,,,,,,
217402,,,,,,
217420,,,,,,
217484,,,,,,
217493,,,,,,
217518,,,,,,
217536,,,,,,
217624,,,,,,
217633,,,,,,
217688,,,,,,
217721,,,,,,
217776,,,,,,
217819,,,,,,
217864,,,,,,
217873,,,,,,
217882,,,,,,
217907,,,,,,
217925,,,,,,
217934,,,,,,
217961,,,,,,
217998,,,,,,
218061,,,,,,
218070,,,,,,
218229,,,,,,
218238,,,,,,
218414,,,,,,
218441,,,,,,
218539,,,,,,
218645,,,,,,
218654,,,,,,
218663,,,,,,
218672,,,,,,
218681,,,,,,
218690,,,,,,
218706,,,,,,
218724,,,,,,
218733,,,,,,
218742,,,,,,
218821,,,,,,
218964,,,,,,
218973,,,,,,
219000,,,,,,
219046,,,,,,
219082,,,,,,
219091,,,,,,
219198,,,,,,
219240,,,,,,
219259,,,,,,
219295,,,,,,
219347,,,,,,
219356,,,,,,
219383,,,,,,
219471,,,,,,
219602,,,,,,
219639,,,,,,
219709,,,,,,
219718,,,,,,
219806,,,,,,
219833,,,,,,
219903,,,,,,
219949,,,,,,
219976,,,,,,
220075,,,,,,
220181,,,,,,
220215,,,,,,
220464,,,,,,
220473,,,,,,
220516,,,,,,
220604,,,,,,
220613,,,,,,
220631,,,,,,
220701,,,,,,
220710,,,,,,
220862,,,,,,
220978,,,,,,
221351,,,,,,
221519,,,,,,
221661,,,,,,
221731,,,,,,
221740,,,,,,
221759,,,,,,
221768,,,,,,
221847,,,,,,
221892,,,,,,
221953,,,,,,
221971,,,,,,
221999,,,,,,
222178,,,,,,
222831,,,,,,
222983,,,,,,
223117,,,,,,
223232,,,,,,
223472,,,,,,
224004,,,,,,
224147,,,,,,
224226,,,,,,
224244,,,,,,
224323,,,,,,
224527,,,,,,
224545,,,,,,
224554,,,,,,
225201,,,,,,
225247,,,,,,
225399,,,,,,
225414,,,,,,
225432,,,,,,
225502,,,,,,
225511,,,,,,
225548,,,,,,
225575,,,,,,
225627,,,,,,
225991,,,,,,
226091,,,,,,
226152,,,,,,
226231,,,,,,
226383,,,,,,
226471,,,,,,
226587,,,,,,
226833,,,,,,
227216,,,,,,
227331,,,,,,
227368,,,,,,
227429,,,,,,
227526,,,,,,
227757,,,,,,
227845,,,,,,
227863,,,,,,
227881,,,,,,
228042,,,,,,
228149,,,,,,
228246,,,,,,
228325,,,,,,
228343,,,,,,
228431,,,,,,
228459,,,,,,
228468,,,,,,
228501,,,,,,
228529,,,,,,
228705,,,,,,
228723,,,,,,
228769,,,,,,
228778,,,,,,
228787,,,,,,
228796,,,,,,
228802,,,,,,
228875,,,,,,
228981,,,,,,
229018,,,,,,
229027,,,,,,
229063,,,,,,
229115,,,,,,
229160,,,,,,
229179,,,,,,
229267,,,,,,
229780,,,,,,
229814,,,,,,
230038,,,,,,
230047,,,,,,
230603,,,,,,
230728,,,,,,
230764,,,,,,
230807,,,,,,
230816,,,,,,
230834,,,,,,
230852,,,,,,
230889,,,,,,
230913,,,,,,
230959,,,,,,
230995,,,,,,
231059,,,,,,
231095,,,,,,
231165,,,,,,
231174,,,,,,
231411,,,,,,
231420,,,,,,
231554,,,,,,
231581,,,,,,
231624,,,,,,
231651,,,,,,
231712,,,,,,
232025,,,,,,
232043,,,,,,
232089,,,,,,
232186,,,,,,
232256,,,,,,
232265,,,,,,
232308,,,,,,
232423,,,,,,
232557,,,,,,
232566,,,,,,
232609,,,,,,
232618,,,,,,
232681,,,,,,
232706,,,,,,
232937,,,,,,
232982,,,,,,
233277,,,,,,
233295,,,,,,
233301,,,,,,
233338,,,,,,
233374,,,,,,
233408,,,,,,
233426,,,,,,
233541,,,,,,
233611,,,,,,
233718,,,,,,
233897,,,,,,
233921,,,,,,
234030,,,,,,
234076,,,,,,
234085,,,,,,
234155,,,,,,
234164,,,,,,
234173,,,,,,
234207,,,,,,
234827,,,,,,
235024,,,,,,
235097,,,,,,
235167,,,,,,
235316,,,,,,
236133,,,,,,
236230,,,,,,
236328,,,,,,
236452,,,,,,
236577,,,,,,
236595,,,,,,
236939,,,,,,
236948,,,,,,
237011,,,,,,
237057,,,,,,
237066,,,,,,
237118,,,,,,
237136,,,,,,
237181,,,,,,
237215,,,,,,
237312,,,,,,
237330,,,,,,
237358,,,,,,
237367,,,,,,
237525,,,,,,
237561,,,,,,
237792,,,,,,
237899,,,,,,
237932,,,,,,
237950,,,,,,
237969,,,,,,
238032,,,,,,
238078,,,,,,
238096,,,,,,
238193,,,,,,
238324,,,,,,
238333,,,,,,
238430,,,,,,
238458,,,,,,
238476,,,,,,
238616,,,,,,
238661,,,,,,
238980,,,,,,
239017,,,,,,
239071,,,,,,
239080,,,,,,
239105,,,,,,
239309,,,,,,
239318,,,,,,
239390,,,,,,
239512,,,,,,
239628,,,,,,
239716,,,,,,
240107,,,,,,
240189,,,,,,
240268,,,,,,
240277,,,,,,
240329,,,,,,
240338,,,,,,
240365,,,,,,
240374,,,,,,
240392,,,,,,
240417,,,,,,
240426,,,,,,
240444,,,,,,
240453,,,,,,
240462,,,,,,
240471,,,,,,
240480,,,,,,
240727,,,,,,
241191,,,,,,
241225,,,,,,
241331,,,,,,
241395,,,,,,
241410,,,,,,
241720,,,,,,
241766,,,,,,
241836,,,,,,
241951,,,,,,
242042,,,,,,
242556,,,,,,
242565,,,,,,
242583,,,,,,
242617,,,,,,
242626,,,,,,
242635,,,,,,
242644,,,,,,
242653,,,,,,
242662,,,,,,
242680,,,,,,
242699,,,,,,
242705,,,,,,
242945,,,,,,
242954,,,,,,
243106,,,,,,
243115,,,,,,
243133,,,,,,
243142,,,,,,
243151,,,,,,
243179,,,,,,
243188,,,,,,
243197,,,,,,
243212,,,,,,
243221,,,,,,
243443,,,,,,
243568,,,,,,
243586,,,,,,
243638,,,,,,
243665,,,,,,
243744,,,,,,
243780,,,,,,
243799,,,,,,
243832,,,,,,
244233,,,,,,
244437,,,,,,
245652,,,,,,
245777,,,,,,
246071,,,,,,
247649,,,,,,
247773,,,,,,
248633,,,,,,
248934,,,,,,
250027,,,,,,
260336,,,,,,
260363,,,,,,
260813,,,,,,
262086,,,,,,
262129,,,,,,
262466,,,,,,
363439,,,,,,
363934,,,,,,
365213,,,,,,
365383,,,,,,
365763,,,,,,
366711,,,,,,
368443,,,,,,
368452,,,,,,
368647,,,,,,
369455,,,,,,
369668,,,,,,
372462,,,,,,
373711,,,,,,
375966,,,,,,
377218,,,,,,
377546,,,,,,
377555,,,,,,
377564,,,,,,
379621,,,,,,
382416,,,,,,
383525,,,,,,
384254,,,,,,
384421,,,,,,
385619,,,,,,
386153,,,,,,
386472,,,,,,
392354,,,,,,
399911,,,,,,
400558,,,,,,
405058,,,,,,
406422,,,,,,
406547,,,,,,
408729,,,,,,
409698,,,,,,
414878,,,,,,
417327,,,,,,
417628,,,,,,
417646,,,,,,
417655,,,,,,
417682,,,,,,
417716,,,,,,
417734,,,,,,
417752,,,,,,
417868,,,,,,
417992,,,,,,
418010,,,,,,
418029,,,,,,
418056,,,,,,
418065,,,,,,
418427,,,,,,
418445,,,,,,
418524,,,,,,
418588,,,,,,
419031,,,,,,
419217,,,,,,
420325,,,,,,
421708,,,,,,
421832,,,,,,
421841,,,,,,
422695,,,,,,
426314,,,,,,
427308,,,,,,
428170,,,,,,
430670,,,,,,
430883,,,,,,
430971,,,,,,
431105,,,,,,
431266,,,,,,
431600,,,,,,
431983,,,,,,
432524,,,,,,
433040,,,,,,
433174,,,,,,
433536,,,,,,
433660,,,,,,
434362,,,,,,
434539,,,,,,
436818,,,,,,
436827,,,,,,
436836,,,,,,
437237,,,,,,
437732,,,,,,
438337,,,,,,
439455,,,,,,
439701,,,,,,
439862,,,,,,
440828,,,,,,
441487,,,,,,
441593,,,,,,
441609,,,,,,
441636,,,,,,
441742,,,,,,
441858,,,,,,
441900,,,,,,
441937,,,,,,
441982,,,,,,
442213,,,,,,
442356,,,,,,
442426,,,,,,
443058,,,,,,
443261,,,,,,
443410,,,,,,
443599,,,,,,
444255,,,,,,
444413,,,,,,
444440,,,,,,
444866,,,,,,
445188,,,,,,
445267,,,,,,
445692,,,,,,
445708,,,,,,
446048,,,,,,
446233,,,,,,
446303,,,,,,
446385,,,,,,
446394,,,,,,
446561,,,,,,
447263,,,,,,
447689,,,,,,
447953,,,,,,
449384,,,,,,
449506,,,,,,
449612,,,,,,
449658,,,,,,
449764,,,,,,
449861,,,,,,
451352,,,,,,
451370,,,,,,
451398,,,,,,
451404,,,,,,
451413,,,,,,
451583,,,,,,
451927,,,,,,
454184,,,,,,
454227,,,,,,
454236,,,,,,
454245,,,,,,
455196,,,,,,
455257,,,,,,
455664,,,,,,
455770,,,,,,
456959,,,,,,
457129,,,,,,
457925,,,,,,
458034,,,,,,
459417,,,,,,
459842,,,,,,
459851,,,,,,
459949,,,,,,
460181,,,,,,
460190,,,,,,
460206,,,,,,
460349,,,,,,
460376,,,,,,
460385,,,,,,
460871,,,,,,
460914,,,,,,
461254,,,,,,
461528,,,,,,
461759,,,,,,
461847,,,,,,
461953,,,,,,
462354,,,,,,
463056,,,,,,
464226,,,,,,
466921,,,,,,
466930,,,,,,
475422,,,,,,
475477,,,,,,
475608,,,,,,
475635,,,,,,
475705,,,,,,
475732,,,,,,
475741,,,,,,
476601,,,,,,
476683,,,,,,
476692,,,,,,
476753,,,,,,
476939,,,,,,
476975,,,,,,
479992,,,,,,
480569,,,,,,
480781,,,,,,
480912,,,,,,
480985,,,,,,
481137,,,,,,
481182,,,,,,
481225,,,,,,
481368,,,,,,
481410,,,,,,
481438,,,,,,
482149,,,,,,
482158,,,,,,
482185,,,,,,
482228,,,,,,
482413,,,,,,
482422,,,,,,
482431,,,,,,
482440,,,,,,
482459,,,,,,
482468,,,,,,
482477,,,,,,
482486,,,,,,
482538,,,,,,
482547,,,,,,
482556,,,,,,
482565,,,,,,
482574,,,,,,
482608,,,,,,
482617,,,,,,
482635,,,,,,
482653,,,,,,
482680,,,,,,
482936,,,,,,
483018,,,,,,
483036,,,,,,
483124,,,,,,
483814,,,,,,
484473,,,,,,
484844,,,,,,
484905,,,,,,
485360,,,,,,
485698,,,,,,
485856,,,,,,
485999,,,,,,
486017,,,,,,
486026,,,,,,
486196,,,,,,
486202,,,,,,
486284,,,,,,
486488,,,,,,
486512,,,,,,
486840,,,,,,
486901,,,,,,
486938,,,,,,
486947,,,,,,
486956,,,,,,
486965,,,,,,
487092,,,,,,
487375,,,,,,
487524,,,,,,
487588,,,,,,
487658,,,,,,
487746,,,,,,
487861,,,,,,
487977,,,,,,
488004,,,,,,
488226,,,,,,
488305,,,,,,
488314,,,,,,
488350,,,,,,
488420,,,,,,
488563,,,,,,
488590,,,,,,
488776,,,,,,
488785,,,,,,
489344,,,,,,
489353,,,,,,
489937,,,,,,
490054,,,,,,
490063,,,,,,
490133,,,,,,
490203,,,,,,
490221,,,,,,
490319,,,,,,
490382,,,,,,
490498,,,,,,
490504,,,,,,
490513,,,,,,
490805,,,,,,
491057,,,,,,
491075,,,,,,
491190,,,,,,
491251,,,,,,
491288,,,,,,
491297,,,,,,
491446,,,,,,
491525,,,,,,
491613,,,,,,
491622,,,,,,
491631,,,,,,
491640,,,,,,
491710,,,,,,
491765,,,,,,
491817,,,,,,
491914,,,,,,
492476,,,,,,
492759,,,,,,
493479,,,,,,
493585,,,,,,
493594,,,,,,
493619,,,,,,
493646,,,,,,
493664,,,,,,
493682,,,,,,
493707,,,,,,
493716,,,,,,
493798,,,,,,
493813,,,,,,
494162,,,,,,
494278,,,,,,
494287,,,,,,
494463,,,,,,
494603,,,,,,
494685,,,,,,
494807,,,,,,
495031,,,,,,
495420,,,,,,
495439,,,,,,
495448,,,,,,
495457,,,,,,
495767,,,,,,
496478,,,,,,
496593,,,,,,
496618,,,,,,
496627,,,,,,
496681,,,,,,
496973,,,,,,
497037,,,,,,
497213,,,,,,
497268,,,,,,